,author,title,description,url,urlToImage,publishedAt,content,source.id,source.name
0,,[Removed],[Removed],https://removed.com,,1970-01-01T00:00:00Z,[Removed],,[Removed]
1,Daily Contributors,Owning Versus Renting – The Circumstances of Web3 Domains,"By Daily Contributors
Last week, Charles Dray from Resonance Security organized a meeting for me with Davide Vicini, the CEO of Freename, which is a company in…
This is a post from HackRead.com Read the original post: Owning Versus Renting – The Circumstances…",https://www.hackread.com/owning-versus-renting-circumstances-web3-domains/,https://www.hackread.com/wp-content/uploads/2024/03/owning-versus-renting-circumstances-web3-domains.jpg,2024-03-19T17:50:05Z,"Last week, Charles Dray from Resonance Security organized a meeting for me with Davide Vicini, the CEO of Freename, which is a company in the Web3 domain name space.
We chatted for five minutes abou… [+5859 chars]",,HackRead
2,Danny Nelson,Polygon Labs Paid $4M to Host Starbucks' Doomed Foray Into Crypto: Sources,The blockchain developer gave the coffee giant a $4 million grant as part of their 2022 deal to build an NFT-powered loyalty program that is now being shuttered.,https://www.coindesk.com/business/2024/03/19/polygon-labs-paid-4m-to-host-starbucks-doomed-foray-into-crypto/,https://www.coindesk.com/resizer/l363QHdllMJoP6XV11vWGA1rFfk=/1200x628/center/middle/cloudfront-us-east-1.images.arcpublishing.com/coindesk/VRMGC3HQLBBNTEV4OWP2E6QPRE.jpg,2024-03-19T17:59:30Z,"<ul><li>Polygon Labs paid $4 million to host Starbucks Odyssey, the NFT-powered loyalty program that made headlines as a crypto biz-dev coup.
</li><li>The deal was a hallmark of a ""big and flashy"" b… [+7753 chars]",,CoinDesk
3,Nick Dunn,Top Crypto Gainers on 19 March – SCS and NULLS,"The crypto market capitalization at large has fallen by 7.57% today to $2.37 trillion. A notable factor suspected to be responsible for this dip is Bitcoin’s dip to the $63,200 level....
The post Top Crypto Gainers on 19 March – SCS and NULLS appeared first o…",https://techreport.com/crypto-news/top-crypto-gainers-on-march-19-scs-nulls/,https://techreport.com/wp-content/uploads/2024/03/types-of-cryptocurrencies-2.jpg?_t=1710898423,2024-03-20T01:33:41Z,"The crypto market capitalization at large has fallen by 7.57% today to $2.37 trillion. A notable factor suspected to be responsible for this dip is Bitcoins dip to the $63,200 level. 
As the market … [+10909 chars]",,Techreport.com
4,InvestorsObserver,"Flash News: Merlin Chain Now Supported on OKX DEX Aggregator, Expanding Trading Options","Flash News: Merlin Chain Now Supported on OKX DEX Aggregator, Expanding Trading Options           PR Newswire             SINGAPORE     ,     March 20, 2024     /PRNewswire/ --   OKX   , a leading Web3 technology company, has issued updates for   March...",https://www.investorsobserver.com/news/qm-pr/4695402427192501,https://s3.amazonaws.com/images.investorsobserver.com/io-logo-800x450.jpg,2024-03-20T03:42:00Z,"SINGAPORE
,
March 20, 2024
/PRNewswire/ --
OKX
, a leading Web3 technology company, has issued updates for
March 20, 2024
.
Merlin Chain Now Supported on OKX DEX Aggregator, Expanding Trading… [+3218 chars]",,InvestorsObserver
5,Hassan Maishera,Bitcoin Dogs prepare for exchange listing after raising $13.4m in presale,Key takeaways The Bitcoin Dogs presale has ended and the project has raised nearly $13.5 million. The team is now working to list $0DOG on exchanges while allowing investors to claim their tokens.  What is Bitcoin Dogs? The cryptocurrency market has been bear…,https://coinjournal.net/news/bitcoin-dogs-prepare-for-exchange-listing-after-raising-13-4m-in-presale/,https://coinjournal.net/wp-content/uploads/2024/03/1710911190546-dca097cc-93b6-487a-b96e-84b706d54aa4.jpg,2024-03-20T05:13:09Z,"Key takeaways
<ul><li>The Bitcoin Dogs presale has ended and the project has raised nearly $13.5 million.
</li><li>The team is now working to list $0DOG on exchanges while allowing investors to cla… [+2784 chars]",,Coinjournal.net
6,AMBCrypto Team,Analysts predict Bitgert Coin price surge of +2000% in coming days,The Crypto market has seen high inflows and high volatility in the recent months. The […],https://ambcrypto.com/analysts-predict-bitgert-coin-price-surge-of-2000-in-coming-days/,https://ambcrypto.com/wp-content/uploads/2024/03/Bitgert-Coin-price-surge-1000x600.png,2024-03-20T09:00:12Z,"The Crypto market has seen high inflows and high volatility in the recent months. The market continues to be positive, with the total market cap well above $2.5 trillion. Bitcoin has touched another … [+3058 chars]",,Ambcrypto.com
7,"Lyllah Ledesma, Omkar Godbole",First Mover Americas: BTC's Drop Below $62K Is the Biggest Single-Day Loss Since FTX’s Collapse,"The latest price moves in bitcoin (BTC) and crypto markets in context for March 20, 2024. First Mover is CoinDesk’s daily newsletter that contextualizes the latest actions in the crypto markets.",https://www.coindesk.com/markets/2024/03/20/first-mover-americas-btcs-drop-below-62k-is-the-biggest-single-day-loss-since-ftxs-collapse/,https://www.coindesk.com/resizer/IkFUxyWVRIi1Jo3cPQN8Y1ofLBM=/1200x628/center/middle/cloudfront-us-east-1.images.arcpublishing.com/coindesk/RCWLBKLVLJDD3PHIR4RA57XKOA.jpg,2024-03-20T12:31:02Z,"This article originally appeared in First Mover, CoinDesk's daily newsletter, putting the latest moves in crypto markets in context. Subscribe to get it in your inbox every day.
Bitcoins (BTC) price… [+3179 chars]",,CoinDesk
8,Particle Network,Particle Network Unveils Modular Layer-1 for Chain Abstraction & Universal Accounts,"Particle Network announces its modular Layer 1, revolutionizing the blockchain ecosystem with unified chain abstraction solutions. Particle Network announces its modular Layer 1, revolutionizing the blockchain ecosystem with unified chain abstraction solution…",https://www.globenewswire.com/news-release/2024/03/20/2849589/0/en/Particle-Network-Unveils-Modular-Layer-1-for-Chain-Abstraction-Universal-Accounts.html,https://ml.globenewswire.com/Resource/Download/5629b5bb-643d-49fb-8ab4-0d2f3aede0be,2024-03-20T15:58:00Z,"Singapore, Singapore, March 20, 2024 (GLOBE NEWSWIRE) -- Particle Network
, a leading provider of Account and Wallet Abstraction solutions, has announced its revolutionary Modular Layer-1 powering C… [+4722 chars]",,GlobeNewswire
9,David Penn,"Tales from the Crypto: Base Backup, Blockchain Payments Secure Funding, Crypto-Friendly Alums","This week in Tales from the Crypto we look at the boom-induced traffic jam in crypto coin trading, new funding for a blockchain payment network in the developing world, and a pair of new crypto-friendly alums that demoed at FinovateEurope last month. Base Bac…",https://finovate.com/tales-from-the-crypto-base-backup-blockchain-payments-secure-funding-crypto-friendly-alums/,https://finovate.com/wp-content/uploads/2024/03/fabio-oyXis2kALVg-unsplash-scaled.jpg,2024-03-20T19:33:48Z,"This week in Tales from the Crypto we look at the boom-induced traffic jam in crypto coin trading, new funding for a blockchain payment network in the developing world, and a pair of new crypto-frien… [+6908 chars]",,Finovate.com
10,"Billy Bambrough, Senior Contributor, 
 Billy Bambrough, Senior Contributor
 https://www.forbes.com/sites/billybambrough/","Fed Triggers A Huge Bitcoin Price Pump As BlackRock Quietly Launches ‘$5 Trillion By 2030’ Game-Changer That Could Boost Ethereum, XRP And Crypto","BlackRock has revealed the next stage in its plan for a ""technological revolution in the financial markets"" that could cause a bitcoin, ethereum, XRP and crypto price earthquake...",https://www.forbes.com/sites/digital-assets/2024/03/20/fed-triggers-a-huge-bitcoin-price-pump-as-blackrock-quietly-launches-5-trillion-by-2030-game-changer-that-could-boost-ethereum-xrp-and-crypto/,https://imageio.forbes.com/specials-images/imageserve/65d9e250fa2ec476574d12e6/0x0.jpg?format=jpg&height=900&width=1600&fit=bounds,2024-03-20T20:56:11Z,"Bitcoin has suddenly shot higher, erasing $100 billion of losses from a crash that came amid fears the Biden administration could be trying to ""kill"" crypto.
Subscribe now to Forbes' CryptoAsset &am… [+4841 chars]",,Forbes
11,Marvie Basilan,Robinhood Expands Crypto Wallet Access To Android Users Globally,"The Robinhood Wallet is now available for all Android users around the globe, marking another milestone in the financial services company's cryptocurrency business.",https://www.ibtimes.com/robinhood-expands-crypto-wallet-access-android-users-globally-3727693,https://d.ibtimes.com/en/full/4402046/logo-robinhood-markets-inc-seen-pop-event-wall-street-after-companys-ipo-new-york-city.jpg,2024-03-21T04:44:44Z,"KEY POINTS
<ul><li>The Robinhood Wallet has been downloaded over 10,000 times since its launch earlier Wednesday</li><li>Android users can now swap thousands of tokens across various chains through … [+3188 chars]",,International Business Times
12,Marvie Basilan,Crypto Wallet Hardware Provider Trezor's X Account Hacked For Fake Token Presale,"Trezor's X handle has been compromised, with hackers posting a fake token presale promotion, not even a month after Beoble's account was hacked.",https://www.ibtimes.com/crypto-wallet-hardware-provider-trezors-x-account-hacked-fake-token-presale-3727703,https://d.ibtimes.com/en/full/4488113/7.jpg,2024-03-21T05:22:11Z,"KEY POINTS
<ul><li>ZachXBT said the hackers stole only a little over $8,000 in the breach</li><li>Some users said the latest hacking incident raises concerns about X's security systems</li><li>Aside… [+3429 chars]",,International Business Times
13,"Zenger News, Contributor, 
 Zenger News, Contributor
 https://www.forbes.com/sites/zengernews/",Bril Finance Pioneers New Epoch Of Yield Optimization In Web3,"Bril Finance leads yield optimization with a focus on transparency and user experience, leveraging blockchain for secure, efficient returns, and an industry model.",https://www.forbes.com/sites/zengernews/2024/03/21/bril-finance-pioneers-new-epoch-of-yield-optimization-in-web3/,https://imageio.forbes.com/specials-images/imageserve/65fbf400583b50d6a95af72c/0x0.jpg?format=jpg&height=900&width=1600&fit=bounds,2024-03-21T10:01:22Z,"By: Christos Makridis
Yield optimization has emerged as a critical area of opportunity, ripe for disruption, in the rapidly evolving landscape of decentralized finance (DeFi). As blockchain technolo… [+9959 chars]",,Forbes
14,"Lawrence Wintermeyer, Contributor, 
 Lawrence Wintermeyer, Contributor
 https://www.forbes.com/sites/lawrencewintermeyer/","15 Months After FTX, Trust In Web3 Technology Has Never Been Stronger",The surge of institutional interest in digital assets and blockchain technology over recent months has come as a surprise to many as greater trust is built in Web3.,https://www.forbes.com/sites/lawrencewintermeyer/2024/03/21/15-months-after-ftx-trust-in-web3-technology-has-never-been-stronger/,https://imageio.forbes.com/specials-images/imageserve/65fbf29bcd467aad2075f896/0x0.jpg?format=jpg&height=900&width=1600&fit=bounds,2024-03-21T13:40:16Z,"MANHATTAN, NEW YORK, UNITED STATES - 2021/10/18: BlackRock offices in New York City. Founded in ... [+] 1988, BlackRock, Inc. is an US multinational investment management corporation. (Photo by Erik … [+9828 chars]",,Forbes
15,Andrew Hayward,Bitcoin-Backed Core Chain Reveals $15 Million in Funding for Builders,"The Core Foundation has wrangled dozens of investors and VCs for a new investment network, and it’s starting in Africa, Latin America, and Southeast Asia.",https://decrypt.co/222708/bitcoin-backed-core-chain-15-million-funding-builders,https://cdn.decrypt.co/resize/1024/height/512/wp-content/uploads/2024/03/core-blockchain-gID_7.png,2024-03-21T14:01:02Z,"The Core Foundation announced Thursday that it has launched the Core Venture Network (CVN), a community of over 50 venture capitalists and investors supporting the development of Core Chain, a Bitcoi… [+1384 chars]",,Decrypt
16,Jose Antonio Lanz,Avalanche 'Meme Coin Rush' Offers $1 Million in Rewards for Traders,"The Avalanche Foundation is capitalizing on the meme coin craze with incentives to boost meme coins like Kimbo, Coq Inu, and Gecko.",https://decrypt.co/222671/avalanche-meme-coin-rush-1-million-rewards-traders,https://cdn.decrypt.co/resize/1024/height/512/wp-content/uploads/2024/03/Avalanche-Memecoin-Rush-gID_7.jpg,2024-03-21T15:00:46Z,"The Avalanche Foundation today announced the launch of Meme Coin Rush, a $1 million liquidity mining incentive program aimed at boosting the meme coin ecosystem on the Avalanche blockchain. The Found… [+3237 chars]",,Decrypt
17,Jacquelyn Melinek,"Solana memecoin hype continues, Backpack’s beta phase was a success and Starbucks axes its NFT program","Welcome to TechCrunch Crypto, formerly known as Chain Reaction.  This week, Starbucks killed its Odyssey NFT program that was launched in 2022, Solana...",https://techcrunch.com/2024/03/21/okx-halts-services-in-india-solana-memecoin-hype-continues-backpacks-beta-phase-was-a-success-and-starbucks-axes-its-nft-program/,https://s.yimg.com/ny/api/res/1.2/ePu68BsIxlKcXIa38IWleQ--/YXBwaWQ9aGlnaGxhbmRlcjt3PTEyMDA7aD03NTA-/https://media.zenfs.com/en/techcrunch_350/49433cc9f0b1eba34620080b2fb14b45,2024-03-21T19:00:11Z,"Welcome to TechCrunch Crypto, formerly known as Chain Reaction.
To get a roundup of TechCrunchs biggest and most important crypto stories delivered to your inbox every Thursday at 12 p.m. PT, subscr… [+3943 chars]",techcrunch,TechCrunch
18,Metasphere Labs Inc.,Metasphere Enters Into Definitive Agreement With Bluesphere Ventures Inc.,"VANCOUVER, British Columbia, March 21, 2024 (GLOBE NEWSWIRE) -- Metasphere Labs Inc. (formerly Looking Glass Labs Ltd., ""Metasphere"" or the ""Company"") (Cboe Canada: LABZ) (OTC: LABZF) (FRA: H1N), a pioneering force in digital asset and metaverse development, …",https://www.globenewswire.com/news-release/2024/03/21/2850607/0/en/Metasphere-Enters-Into-Definitive-Agreement-With-Bluesphere-Ventures-Inc.html,https://ml.globenewswire.com/Resource/Download/22abd3b5-4faa-4406-a426-f8cd98085965,2024-03-21T20:02:00Z,"VANCOUVER, British Columbia, March 21, 2024 (GLOBE NEWSWIRE) -- Metasphere Labs Inc. (formerly Looking Glass Labs Ltd., ""Metasphere"" or the ""Company"") (Cboe Canada: LABZ) (OTC: LABZF) (FRA: H1N), a p… [+8545 chars]",,GlobeNewswire
19,,Metasphere Enters Into Definitive Agreement With Bluesphere Ventures Inc.,"(marketscreener.com) VANCOUVER, British Columbia, March 21, 2024 -- Metasphere Labs Inc. , a pioneering force in digital asset and metaverse development, is proud to announce that further to the news release dated March 4, 2024, it has entered into a definiti…",https://www.marketscreener.com/quote/stock/METASPHERE-LABS-INC-132884727/news/Metasphere-Enters-Into-Definitive-Agreement-With-Bluesphere-Ventures-Inc-46256684/,https://www.marketscreener.com/images/twitter_MS_fdnoir.png,2024-03-21T20:02:04Z,"VANCOUVER, British Columbia, March 21, 2024 (GLOBE NEWSWIRE) -- Metasphere Labs Inc. (formerly Looking Glass Labs Ltd., ""Metasphere"" or the ""Company"") (Cboe Canada: LABZ) (OTC: LABZF) (FRA: H1N), a p… [+8761 chars]",,Marketscreener.com
20,GlobeNewswire,Metasphere Enters Into Definitive Agreement With Bluesphere Ventures Inc.,"VANCOUVER, British Columbia, March 21, 2024 (GLOBE NEWSWIRE) — Metasphere Labs Inc. (formerly Looking Glass Labs Ltd., “Metasphere” or the “Company“) (Cboe Canada: LABZ) (OTC: LABZF) (FRA: H1N), a pioneering force in digital asset and metaverse development, i…",https://financialpost.com/globe-newswire/metasphere-enters-into-definitive-agreement-with-bluesphere-ventures-inc,,2024-03-21T20:02:51Z,"Author of the article:
Article content
VANCOUVER, British Columbia, March 21, 2024 (GLOBE NEWSWIRE) Metasphere Labs Inc. (formerly Looking Glass Labs Ltd., Metasphere or the Company) (Cboe Canada: … [+11247 chars]",financial-post,Financial Post
21,AINN Layer2,"Emerging BTC Layer2 Innovation, AINN Layer2 Secures Funding from Satoshi Lab, Waterdrip Capital, and Industry Pioneers","Jersey City, NJ, March 21, 2024 (GLOBE NEWSWIRE) -- AINNLayer2, the first decentralized Bitcoin Layer2 network project supporting large-scale AI applications, announced that it has secured strategic investments from multiple renowned institutions and individu…",https://www.globenewswire.com/news-release/2024/03/21/2850647/0/en/Emerging-BTC-Layer2-Innovation-AINN-Layer2-Secures-Funding-from-Satoshi-Lab-Waterdrip-Capital-and-Industry-Pioneers.html,https://ml.globenewswire.com/Resource/Download/7b2b5381-4606-4635-a020-ca8ac1931070,2024-03-21T20:30:00Z,"Jersey City, NJ, March 21, 2024 (GLOBE NEWSWIRE) -- AINNLayer2, the first decentralized Bitcoin Layer2 network project supporting large-scale AI applications, announced that it has secured strategic … [+4354 chars]",,GlobeNewswire
22,Editorial Team,Understanding Smart Contracts: a practical guide,There have been a lot of inventions over the course of history that revolutionised the way people ha...,https://www.finextra.com/blogposting/25946/understanding-smart-contracts-a-practical-guide,https://www.finextra.com/finextra-images/member_photos/thumb_160996_dmitry_gmyza_8.jpg,2024-03-22T08:07:08Z,There have been a lot of inventions over the course of history that revolutionised the way people handle their business processes. From clay tablets in Mesopotamia as early as 9000 BCE to paper in Ch… [+17322 chars],,Finextra
23,Oluwapelumi Adejumo,Google adding Ethereum Name Service data into search results through Etherscan,"Tech giant Google has integrated Ethereum Name Service (ENS) data into its search results through data available from Etherscan. CryptoSlate confirmed this feature by testing it with several ENS addresses, including Vitalik.eth, an address belonging to Vitali…",https://cryptoslate.com/?p=406240,https://cryptoslate.com/wp-content/uploads/2024/03/ethereum-ens.jpg,2024-03-22T10:02:48Z,"Tech giant Google has integrated Ethereum Name Service (ENS) data into its search results through data available from Etherscan.
CryptoSlate confirmed this feature by testing it with several ENS add… [+2649 chars]",,CryptoSlate
24,beincrypto.com,"Blockchain Futurist Conference to Showcase the Future of Bitcoin, Web3, and Cryptocurrency",Editorial Note: The following content does not reflect the views or opinions of BeInCrypto. It is provided for informational purposes only and should not be interpreted as financial advice. Please conduct your own research before making any investment decisio…,https://biztoc.com/x/ce7370bb470fdbf6,https://c.biztoc.com/p/ce7370bb470fdbf6/s.webp,2024-03-22T11:56:32Z,Editorial Note: The following content does not reflect the views or opinions of BeInCrypto. It is provided for informational purposes only and should not be interpreted as financial advice. Please co… [+326 chars],,Biztoc.com
25,"Billy Bambrough, Senior Contributor, 
 Billy Bambrough, Senior Contributor
 https://www.forbes.com/sites/billybambrough/","Coinbase Revealed To Be Backing BlackRock’s ‘$5 Trillion By 2030’ Crypto Game-Changer After Bitcoin, Ethereum And XRP Price Pump","BlackRock has revealed the next stage in its plan for a ""technological revolution in the financial markets"" that could cause a bitcoin, ethereum, XRP and crypto price earthquake...",https://www.forbes.com/sites/digital-assets/2024/03/22/fed-triggers-a-huge-bitcoin-price-pump-as-blackrock-quietly-launches-5-trillion-by-2030-game-changer-that-could-boost-ethereum-xrp-and-crypto/,https://imageio.forbes.com/specials-images/imageserve/65d9e250fa2ec476574d12e6/0x0.jpg?format=jpg&height=900&width=1600&fit=bounds,2024-03-22T12:22:32Z,"03/22 update below. This post was originally published on March 20
BitcoinBTC
 has suddenly shot higher, erasing $100 billion of losses from a crypto crash that came amid fears the Biden administra… [+5779 chars]",,Forbes
26,Will Canny,Coinbase Is More Than Just a Crypto Exchange: JMP Securities,"Momentum continues to build in the company’s ancillary businesses, the report said.",https://www.coindesk.com/business/2024/03/22/coinbase-is-more-than-just-a-crypto-exchange-jmp-securities/,https://www.coindesk.com/resizer/KqkXpU5PavQPaIhjG3Alf9TyoeY=/1200x628/center/middle/cloudfront-us-east-1.images.arcpublishing.com/coindesk/CUUIMP4BQBGGLEUYV3WIL6HAEU.jpg,2024-03-22T12:55:21Z,"Still, relative to the growth opportunity in the exchange and custody offerings, we see a just as exciting of an opportunity in the development of blockchain use cases today and expect Coinbase to pa… [+822 chars]",,CoinDesk
27,Liam 'Akiba' Wright,Listen back to Internet Computer community building on Bitcoin ahead of ICPCC24,"The Internet Computer Protocol (ICP) appears to be ushering in a new era of decentralized cloud computing innovation, as evidenced by the vibrant ecosystem of developers and projects showcased in the recent CryptoSlate Twitter Space. Hosted by CryptoSlate’s A…",https://cryptoslate.com/listen-back-to-internet-computer-community-building-on-bitcoin-ahead-of-icpcc24/,https://cryptoslate.com/wp-content/uploads/2024/03/internet-computer-bitcoin.jpg,2024-03-22T14:37:12Z,"The Internet Computer Protocol (ICP) appears to be ushering in a new era of decentralized cloud computing innovation, as evidenced by the vibrant ecosystem of developers and projects showcased in the… [+3236 chars]",,CryptoSlate
28,Bradley Keoun,"Protocol Village: Entangle, Powered by 'Liquid Vaults,' Gets Strategic Investment From Consensys","Protocol Village: Entangle, Powered by 'Liquid Vaults,' Gets Strategic Investment From Consensyscoindesk.com",https://www.coindesk.com/fil/tech/2024/03/22/protocol-village/,https://www.coindesk.com/resizer/anPbRzQBfc7-pEiwMErfKjteN6I=/1200x628/center/middle/cloudfront-us-east-1.images.arcpublishing.com/coindesk/UK44TNET4ZFIFAX2JQSWJQJSTU.jpeg,2024-03-22T16:59:29Z,"Marso 22: Ang provider ng imprastraktura ng Web3 na Entangle , na pinapagana ng pinagbabatayan ng mga primitive na "" liquid vaults ,"" ay inihayag na nakatanggap ito ng strategic investment mula sa Co… [+9195 chars]",,CoinDesk
29,PYMNTS,"From Crypto to Coffee, Digital Wallets Signal Shifting Financial Landscape","With Thursday’s (March 21) Department of Justice (DOJ) antitrust suit against Apple, digital wallets are top of mind. And moving over to the Web3 space, on Wednesday (March 20) Bitget Wallet, the digital wallet from the Bitget cryptocurrency exchange, announc…",https://www.pymnts.com/digital-payments/2024/from-crypto-to-coffee-digital-wallets-signal-shifting-financial-landscape/,https://www.pymnts.com/wp-content/uploads/2023/11/digital-wallets.jpg,2024-03-22T20:49:01Z,"With Thursdays (March 21) Department of Justice (DOJ) antitrust suit against Apple, digital wallets are top of mind.
And moving over to the Web3 space, on Wednesday (March 20) Bitget Wallet, the dig… [+4558 chars]",,pymnts.com
30,Sonia Shaw,Op-ed: Funding isn’t the core solution to bridging the gender gap in Web3,"Web3 has always felt like an inclusive and empowering community to be a part of. In making the transition from traditional finance to DeFi, there has been no lack of support, encouragement, and guidance. Embodying a leadership role as a female has also felt f…",https://cryptoslate.com/?p=404640,https://cryptoslate.com/wp-content/uploads/2024/03/women-web3.jpg,2024-03-23T11:48:31Z,"Web3 has always felt like an inclusive and empowering community to be a part of. In making the transition from traditional finance to DeFi, there has been no lack of support, encouragement, and guida… [+5493 chars]",,CryptoSlate
31,coinpedia.org,"Weekly Crypto Roundup: Current News, Blockchain Trends, Bitcoin and Stablecoin Analysis, and More Insights","The post Weekly Crypto Roundup: Current News, Blockchain Trends, Bitcoin and Stablecoin Analysis, and More Insights. appeared first on Coinpedia Fintech News This analysis report, backed by quality data, covers the major developments the Web3, Blockchain, and…",https://biztoc.com/x/42e90887c7b47088,https://c.biztoc.com/p/42e90887c7b47088/s.webp,2024-03-23T15:14:10Z,"The post Weekly Crypto Roundup: Current News, Blockchain Trends, Bitcoin and Stablecoin Analysis, and More Insights. appeared first on Coinpedia Fintech NewsThis analysis report, backed by quality da… [+309 chars]",,Biztoc.com
32,Bill Liang,The seven deadly sins of crypto privacy,"The lack of privacy protection is the Original Sin of all public blockchains – from Satoshi’s original Bitcoin whitepaper down to the most cutting-edge, modular, and parallelized network that does 100 million transactions per second with a zeptosecond finalit…",https://cryptoslate.com/the-seven-deadly-sins-of-crypto-privacy/,https://cryptoslate.com/wp-content/uploads/2024/03/crypto-privacy-1.jpg,2024-03-24T14:10:47Z,"The lack of privacy protection is the Original Sin of all public blockchains from Satoshi’s original Bitcoin whitepaper down to the most cutting-edge, modular, and parallelized network that does 100 … [+8063 chars]",,CryptoSlate
33,,Inside Austin's bitcoin underground,"Austin bitcoin 'maxis' talk code at underground meetups that attract a range of crypto enthusiasts, from corporate bitcoin operators to VCs and preppers.",https://www.cnbc.com/2024/03/24/inside-austins-bitcoin-underground.html,,2024-03-24T15:08:00Z,AUSTIN There is a sort of clubhouse for Austin's bitcoin believers on the second floor of the Littlefield Building at the corner of Congress Avenue and Sixth Street. The hideaway is at the crossroads… [+17408 chars],,CNBC
34,AMBCrypto Team,Under-The-Radar Altcoins to Watch: 50X Gains Predicted!,"Bitcoin enthusiasts have reason to smile as experts predict a surge in prices post-halving, potentially […]",https://ambcrypto.com/under-the-radar-altcoins-to-watch-50x-gains-predicted/,https://ambcrypto.com/wp-content/uploads/2024/03/Screenshot-2024-03-24-at-10.40.19 PM-1000x600.png,2024-03-24T17:15:30Z,"Bitcoin enthusiasts have reason to smile as experts predict a surge in prices post-halving, potentially boosting its value significantly. This optimistic outlook aligns with the growing interest in l… [+4941 chars]",,Ambcrypto.com
35,Marvie Basilan,Nearly $239M Lost So Far In 2024 From Crypto Private Key Hacks: CertiK,"The cryptocurrency kingdom has lost some $239 million worth of digital assets in just four months in 2024 to private key compromises, indicating that threat actors will continue to use this specific attack vector to steal funds from even the biggest crypto fi…",https://www.ibtimes.com/nearly-239m-lost-so-far-2024-crypto-private-key-hacks-certik-3728007,https://d.ibtimes.com/en/full/4488029/1.jpg,2024-03-25T05:06:27Z,"KEY POINTS
<ul><li>During Q1 2023, PKC losses were at $18.8 million, meaning Q1 2024 saw a jump of 1,160% in dollar value loss</li><li>Ripple Labs' Chris Larsen was the biggest target of PKC actors … [+2717 chars]",,International Business Times
36,PR DESK,Bitget Expands BRC20 Ecosystem Zone With BeFi Labs (BEFI) Token Listing,"The top cryptocurrency exchange and Web3 firm, Bitget, has added BeFi Labs-based BEFI tokens to its BRC20 zone, which offers popular tokens on the Bitcoin Ordinals chain. The Bitget exchange currently accepts trades for the BEFI tokens, which were immediately…",https://zycrypto.com/bitget-expands-brc20-ecosystem-zone-with-befi-labs-befi-token-listing/,https://zycrypto.com/wp-content/uploads/2024/03/unnamed-75.jpg,2024-03-25T10:56:03Z,"The top cryptocurrency exchange and Web3 firm, Bitget, has added BeFi Labs-based BEFI tokens to its BRC20 zone, which offers popular tokens on the Bitcoin Ordinals chain. The Bitget exchange currentl… [+2251 chars]",,ZyCrypto
37,Chainwire,Bitget lists BeFi Labs (BEFI) expanding the BRC20 Ecosystem Zone,"Victoria, Seychelles, March 25th, 2024, Chainwire Bitget, the world’s leading cryptocurrency exchange and Web3 company, has listed BeFi Labs based BEFI tokens in its BRC20 zone, which includes trending tokens on the Bitcoin Ordinals chain. The BEFI tokens hav…",https://coinjournal.net/news/bitget-lists-befi-labs-befi-expanding-the-brc20-ecosystem-zone/,https://coinjournal.net/wp-content/uploads/2024/03/Chainwire-1200_720_16_17113626662XlFPwFp05.jpg,2024-03-25T11:23:30Z,"Victoria, Seychelles, March 25th, 2024, Chainwire
Bitget, the world’s leading cryptocurrency exchange
 and Web3 company, has listed BeFi Labs based BEFI tokens in its BRC20 zone, which includes tre… [+3094 chars]",,Coinjournal.net
38,Jake Simmons,"Analyst Presents Top 10 Cryptos To Turn $5,000 Into $500,000 By 2025","In a thread on X (formerly Twitter), the popular crypto analyst known as cyclop (@nobrainflip) delivered a bold forecast to his substantial following of 394,000. He proclaimed, “We are close to the biggest altseason in history. Everyone will make x50-x100 on …",http://www.newsbtc.com/news/analyst-top-10-crypto-turn-5000-into-500000/,https://www.newsbtc.com/wp-content/uploads/2023/03/space-shuttle-in-sky-with-stars-and-clouds-rocket-in-deep-space-scifi-picture-id1360144430.jpg?fit=1280%2C720,2024-03-25T18:00:30Z,"In a thread on X (formerly Twitter), the popular crypto analyst known as cyclop (@nobrainflip) delivered a bold forecast to his substantial following of 394,000. He proclaimed, “We are close to the b… [+5585 chars]",,newsBTC
39,Alana Benson,"Zengo Wallet Review 2024: Pros, Cons and How It Compares",Zengo Wallet offers an impressive level of security without having to remember a seed phrase.,https://www.nerdwallet.com/article/investing/zengo-wallet-review,https://www.nerdwallet.com/assets/blog/wp-content/uploads/2021/03/GettyImages-1182931615-1440x864.jpeg,2024-03-26T14:08:42Z,"<table><tr><td>The bottom line: Zengo Wallet may be a good option if you dont want to have to remember a seed phrase, but also dont want to compromise at all on security. Zengo doesn't currently have… [+9177 chars]",,NerdWallet
40,ankr.com,Introducing Neura: A New Era of AI x Blockchain Innovation,"Ankr has never been more thrilled to release the latest innovation from our team – Neura. Neura is a revolutionary blockchain that seamlessly integrates AI, cloud computing, and Web3 technologies, creating a transformative era for digital innovation across al…",https://biztoc.com/x/a58e991c2de8ef96,https://c.biztoc.com/p/a58e991c2de8ef96/s.webp,2024-03-26T22:34:18Z,"Ankr has never been more thrilled to release the latest innovation from our team Neura. Neura is a revolutionary blockchain that seamlessly integrates AI, cloud computing, and Web3 technologies, crea… [+278 chars]",,Biztoc.com
41,Bradley Keoun,The Protocol: Meme Coins (and Pepe's Best Friend) Swarm Coinbase Layer 2 Chain,"The meme coin frenzy that drove up activity – and failed transactions – on Solana appears to have quickly migrated to Base, Coinbase's six-month-old layer-2 blockchain. Who is the blue-faced creature behind the $BRETT token?",https://www.coindesk.com/tech/2024/03/27/the-protocol-meme-coins-and-pepes-best-friend-swarm-coinbase-layer-2-chain/,https://www.coindesk.com/resizer/OdmMt74qXZkuuuqYBZLQLzb7CzA=/1200x628/center/middle/cloudfront-us-east-1.images.arcpublishing.com/coindesk/STJX6PNP4BDCDFIWZQOUQ3AMGY.jpg,2024-03-27T19:22:43Z,"What's a blue toad got to do with blockchain, if it even is a blue toad? The short answer is meme coin trading on Coinbase's layer-2 blockchain, Base. Read on.
Also in this week's The Protocol:
<ul… [+14151 chars]",,CoinDesk
42,"Radhika Parashar, Siddharth Suvarna","Bitcoin-Backed Velar to Launch Native Token Via ByBit, Lauds India for Quick Tech Adoption","Velar is launching its native token by the same name into the trading arena through ByBit. In the upcoming days, Velar also plans to bring a Bitcoin native trading platform that would let users trade in 20 times more than their capital holding and hope for bi…",https://www.gadgets360.com/cryptocurrency/news/velar-bitcoin-blockchain-launch-native-token-bybit-india-quick-tech-adoption-5327692,https://i.gadgets360cdn.com/large/large_2_1711627413821.jpg,2024-03-28T12:04:22Z,"Velar, a Bitcoin-powered liquidity protocol, has announced the launch of its native token that also goes by the same name. The token is being launched into the trading arena through ByBit, touted as … [+2749 chars]",,Gadgets360.com
43,BobWP,Do The Woo Community: End of the Year Emerging Tech with Kathy Zant and Dave Lockie,"In this episode, Kathy and Dave discuss the influence of AI and blockchain on content creation, the rise of businesses using OpenAI API, and the potential of using blockchain for content authentication. They also explore the options for WordPress content and …",https://dothewoo.io/end-of-the-year-emerging-tech-with-kathy-zant-and-dave-lockie/,https://i0.wp.com/dothewoo.io/wp-content/uploads/2023/09/Do-the-Woo-Podcast-All-Things-WordPress-WooCommerce-Emerging-Tech-Episode-429.jpeg?fit=1200%2C1200&ssl=1,2024-03-28T14:15:31Z,"December 13, 2023
Thanks to Our Pod Friends
There is also talk about the rise of businesses building on the OpenAI API and exploring the intersection of AI and crypto, noting that as AI threatens c… [+21998 chars]",,Dothewoo.io
44,coindesk.com,ARK 21Shares Bitcoin ETF Hits $200M Daily Inflows for First Time,"Learn more about Consensus 2024, CoinDesk's longest-running and most influential event that brings together all sides of crypto, blockchain and Web3 . Head to consensus.coindesk.com to register and buy your pass now .#coindesk",https://biztoc.com/x/02bc487d9336b6f3,https://c.biztoc.com/p/02bc487d9336b6f3/og.webp,2024-03-28T14:30:11Z,"Learn more about Consensus 2024, CoinDesk's longest-running and most influential event that brings together all sides of crypto, blockchain and Web3 . Head to consensus.coindesk.com to register and b… [+68 chars]",,Biztoc.com
45,"Sandy Carter, Contributor, 
 Sandy Carter, Contributor
 https://www.forbes.com/sites/sandycarter/","5 New Advancements In AI And Web3 -Meme Coins, Base, Bitcoin Halving","Five key developments demand our attention: Base’s emergence as a powerhouse Layer-2 solution, the economically significant rise of memecoins, the strategic importance...",https://www.forbes.com/sites/digital-assets/2024/03/28/5-new-advancements-in-ai-and-web3-meme-coins-base-bitcoin-halving/,https://imageio.forbes.com/specials-images/imageserve/6605a18c9f4dbfe5587f0b07/0x0.jpg?format=jpg&height=900&width=1600&fit=bounds,2024-03-28T17:17:22Z,"A sticker advertising Dogecoin on a cryptocurrency automated teller machine (ATM) at a laundromat in ... [+] Hong Kong, China, on Thursday, June 9, 2022. Tesla Inc. Chief Executive Elon Musk expresse… [+13800 chars]",,Forbes
46,Marvie Basilan,Liquid Staking Protocol Prisma Finance Exploited For $11.6 Million,"Prisma Finance has been exploited for $11.6 million, blockchain security firms revealed Thursday. The protocol confirmed the exploit but has yet to provide further details about the smart contract hack.",https://www.ibtimes.com/liquid-staking-protocol-prisma-finance-exploited-116-million-3728409,https://d.ibtimes.com/en/full/4500602/computer-hacker.png,2024-03-29T05:16:56Z,"KEY POINTS
<ul><li>PeckShield and Cyvers detected the exploit then tagged Prisma on X</li><li>Prisma's engineering contributors have since paused the protocol and an investigation is underway</li><l… [+3373 chars]",,International Business Times
47,Paolo Tasca,The Struggle for Currency Supremacy,"The question of whether the US dollar will be dethroned by a cryptocurrency, a stablecoin, or some other digital asset or payments system ultimately misses the point. What really matters is the mix of possible alternatives that today's evolving financial land…",https://www.project-syndicate.org/onpoint/currency-competition-dollar-is-supreme-but-digital-assets-complicate-picture-by-paolo-tasca-2024-03,https://webapi.project-syndicate.org/library/47804d35517e6cd567a6d0d7c8221a14.2-1-super.1.jpg,2024-03-29T09:24:02Z,"The question of whether the US dollar will be dethroned by a cryptocurrency, a stablecoin, or some other digital asset or payments system ultimately misses the point. What really matters is the mix o… [+13050 chars]",,Project Syndicate
48,coinjournal.net,to its Platform: A New Meme Coin on Solana,"Victoria, Seychelles, March 29th, 2024, Chainwire Bitget, a world leading cryptocurrency exchange and web3 company, is excited to announce the listing of NUB (NUB), the latest meme coin to join its array of offerings. NUB, a meme coin based on the Solana bloc…",https://biztoc.com/x/e4516598428091b8,https://c.biztoc.com/p/e4516598428091b8/s.webp,2024-03-29T12:12:09Z,"Victoria, Seychelles, March 29th, 2024, ChainwireBitget, a world leading cryptocurrency exchange and web3 company, is excited to announce the listing of NUB (NUB), the latest meme coin to join its ar… [+287 chars]",,Biztoc.com
49,"Cleve Mesidor, Contributor, 
 Cleve Mesidor, Contributor
 https://www.forbes.com/sites/clevemesidor/",Next Gen Women At Forefront Of Crypto Policy,"As Women’s HERstory Month comes to a close, diverse, female members of Generations Y and Z stand out for their work to advance Web3, DeFi regulatory policy in Washington.",https://www.forbes.com/sites/digital-assets/2024/03/29/next-gen-women-at-forefront-of-crypto-policy/,https://imageio.forbes.com/specials-images/imageserve/6606c39c5d1ed06a12b8d747/0x0.jpg?format=jpg&height=900&width=1600&fit=bounds,2024-03-29T15:26:49Z,"UNITED STATES - JUNE 23: A female member of congress walks up the House steps for the first vote of ... [+] the day in the Capitol on Wednesday, June 23, 2021. (Photo by Bill Clark/CQ-Roll Call, Inc … [+1902 chars]",,Forbes
50,Hassan Maishera,Dogecoin rallies by 28% this week: Will other memecoins follow suit?,"Key takeaways Dogecoin is the best performer amongst the top 10 cryptocurrencies by market cap this week. Bitcoin Dogs prepares to carry out the biggest NFT mint on Bitcoin following its presale. DOGE tops $0.20 after this week’s rally DOGE, the native coin o…",https://coinjournal.net/news/dogecoin-rallies-by-28-this-week-will-other-memecoins-follow-suit/,https://coinjournal.net/wp-content/uploads/2023/07/1690278872522-632a3e80-c55b-4247-a34a-a60ef4e194a8.jpg,2024-03-30T11:07:00Z,"Key takeaways
<ul><li>Dogecoin is the best performer amongst the top 10 cryptocurrencies by market cap this week.
</li><li>Bitcoin Dogs prepares to carry out the biggest NFT mint on Bitcoin followi… [+3081 chars]",,Coinjournal.net
51,coinpedia.org,"Top Crypto News Weekly: ETFs, Blockchain Developments, Altcoin Surges, and Bitcoin Trends","The post Top Crypto News Weekly: ETFs, Blockchain Developments, Altcoin Surges, and Bitcoin Trends appeared first on Coinpedia Fintech News This analysis report, backed by quality data, covers the major developments the Web3, Blockchain and Crypto sector has …",https://biztoc.com/x/3ddb6b0d357ebd61,https://c.biztoc.com/p/3ddb6b0d357ebd61/s.webp,2024-03-31T03:58:06Z,"The post Top Crypto News Weekly: ETFs, Blockchain Developments, Altcoin Surges, and Bitcoin Trends appeared first on Coinpedia Fintech NewsThis analysis report, backed by quality data, covers the maj… [+319 chars]",,Biztoc.com
52,"Max (Chong) Li, Contributor, 
 Max (Chong) Li, Contributor
 https://www.forbes.com/sites/maxli/",How Crypto AI Projects Set Themselves Apart From Web2 AI Giants,"Web2 AI companies improve AI productivity, while Web3 AI companies transform AI production relationships.",https://www.forbes.com/sites/digital-assets/2024/03/31/how-crypto-ai-projects-set-themselves-apart-from-web2-ai-giants/,https://imageio.forbes.com/specials-images/imageserve/660967ed2c0a29752a38064f/0x0.jpg?format=jpg&height=900&width=1600&fit=bounds,2024-03-31T13:58:16Z,"OpenAI CEO Sam Altman speaks during the OpenAI DevDay event on November 06, 2023 in San Francisco, ... [+] California.
Getty Images
A few days ago, an exciting piece of news emerged in the Web3/Cry… [+4936 chars]",,Forbes
53,Marvie Basilan,"Crypto-Related Exploits, Hacks, Scams Reach Over $79M In March : CertiK","CertiK said in its March 2024 report that the confirmed crypto-related exploits during the month resulted in over $52 million in losses, further highlighting the evolving ways through which threat actors leverage vulnerabilities in the cryptocurrency sector.",https://www.ibtimes.com/crypto-related-exploits-hacks-scams-reach-over-79m-march-certik-3728597,https://d.ibtimes.com/en/full/4488048/3.jpg,2024-04-01T07:39:53Z,"KEY POINTS
<ul><li>The total crypto-related hacks and scams in March reached $79 million</li><li>Flash loan attacks accounted for $21.9 million in losses in March</li><li>CertiK said last week that … [+2925 chars]",,International Business Times
54,Eric Lee,The Role of Community in Propelling Web3 Forward,"The inception of Bitcoin in 2009 by Satoshi Nakamoto heralded not just a new digital currency but a communal revolution within technology spaces. Early adopters, spanning tech aficionados to developers across the globe, congregated on digital platforms like B…",https://www.cryptocynews.com/the-role-of-community-in-propelling-web3-forward/,https://www.cryptocynews.com/wp-content/uploads/2023/04/cryptocy-2-1.png,2024-04-01T08:13:15Z,"The inception of Bitcoin in 2009 by Satoshi Nakamoto heralded not just a new digital currency but a communal revolution within technology spaces. Early adopters, spanning tech aficionados to develope… [+3974 chars]",,Cryptocynews.com
55,"Radhika Parashar, Siddharth Suvarna","Crypto Bull Run Spikes Number of Web3-Focussed Funds as Startups Swarm for Funding, Guidance","Startups looking to establish their names in the crypto sector are taking this bull phase seriously and are swarming towards accelerator programmes. While accelerator and investment programmes provide Web3 startups with funding, mentorship, and industry guida…",https://www.gadgets360.com/cryptocurrency/news/crypto-bull-run-web3-funds-startups-accelerator-investment-programmes-mentorship-5351961,https://i.gadgets360cdn.com/large/deal_pexels_Savvas_Stavrinos_large_1678953991251.jpg,2024-04-01T11:18:54Z,"The crypto market valuation, for the first time since 2021, is close to its last all-time high of $3 trillion thanks to Bitcoin, ETH, and other cryptocurrencies undergoing a bull run. Startups lookin… [+4746 chars]",,Gadgets360.com
56,Jake Simmons,"Bitcoin-Powered Core DAO (CORE) Skyrockets By 220%, Here’s Why","Core DAO (CORE), the cryptocurrency behind the Core blockchain, has seen its price skyrocket by 220% over the last week, marking a significant milestone in its market performance. As of the last 24 hours, CORE has seen an additional 63% increase, accumulating…",http://www.newsbtc.com/news/bitcoin-powered-core-dao-core-skyrockets-by-220/,https://www.newsbtc.com/wp-content/uploads/2024/04/DALL·E-2024-04-01-14.48.57-A-majestic-space-shuttle-embarks-on-a-journey-into-the-cosmos-its-main-engines-igniting-with-a-bright-fiery-glow-against-a-deep-twilight-sky.-Plumes.png,2024-04-01T12:51:19Z,"Core DAO (CORE), the cryptocurrency behind the Core blockchain, has seen its price skyrocket by 220% over the last week, marking a significant milestone in its market performance. As of the last 24 h… [+3329 chars]",,newsBTC
57,Chainwire,Panther's CTO Discusses Future of DeFi Privacy on Epicenter Podcast,Panther's CTO Discusses Future of DeFi Privacy on Epicenter Podcast,https://www.investing.com/news/cryptocurrency-news/panthers-cto-discusses-future-of-defi-privacy-on-epicenter-podcast-3360801,https://i-invdn-com.investing.com/news/Cryptocurrencies_800x533_L_1556527948.jpg,2024-04-02T04:00:45Z,"Gibraltor, Gibraltor, April 2nd, 2024, Chainwire
Anish Mohammed, Co-Founder, CTO, and Chief Scientist at Panther Protocol, recently joined Meher Roy on the Epicenter Podcast. They discussed Anish’s … [+6366 chars]",,Investing.com
58,,Cryptoverse: Ether fettered by fate of spot ETF proposals,"(marketscreener.com) Cryptocurrency ether is struggling
to keep pace with soaring big brother bitcoin.
 The no. 2 cryptocurrency, which commands less than a fifth
of the $2.7 trillion crypto market, has not done poorly. But
ether is up just around 53% in the …",https://www.marketscreener.com/quote/cryptocurrency/ETHEREUM-ETH-EUR-45554095/news/Cryptoverse-Ether-fettered-by-fate-of-spot-ETF-proposals-46333677/,https://www.marketscreener.com/images/reuters/2022-06/2022-06-30T060757Z_1_LYNXMPEI5T05D_RTROPTP_3_FINTECH-CRYPTOCURRENCY.JPG,2024-04-02T05:01:00Z,"April 2 (Reuters) - Cryptocurrency ether is struggling
to keep pace with soaring big brother bitcoin.
The no. 2 cryptocurrency, which commands less than a fifth
of the $2.7 trillion crypto market,… [+3675 chars]",,Marketscreener.com
59,,Cryptoverse: Ether fettered by fate of spot ETF proposals,"Cryptocurrency ether is struggling to keep pace with soaring big brother bitcoin.The no. 2 cryptocurrency, which commands less than a fifth of the $2.7 trillion crypto market, has not done poorly. But ether is up just around 53 per cent in the first three mon…",https://www.channelnewsasia.com/business/cryptoverse-ether-fettered-fate-spot-etf-proposals-4236206,"https://onecms-res.cloudinary.com/image/upload/s--MmtbfpKM--/fl_relative,g_south_east,l_one-cms:core:watermark:reuters,w_0.1/f_auto,q_auto/c_fill,g_auto,h_676,w_1200/v1/one-cms/core/2024-04-02t050645z_1_lynxnpek31050_rtroptp_3_fintech-cryptocurrency.jpg?itok=334WeLjW",2024-04-02T05:06:45Z,"Cryptocurrency ether is struggling to keep pace with soaring big brother bitcoin.
The no. 2 cryptocurrency, which commands less than a fifth of the $2.7 trillion crypto market, has not done poorly. … [+3502 chars]",,CNA
60,Reuters,Cryptoverse: Ether fettered by fate of spot ETF proposals,Cryptoverse: Ether fettered by fate of spot ETF proposals,https://www.investing.com/news/stock-market-news/cryptoverse-ether-fettered-by-fate-of-spot-etf-proposals-3360878,https://i-invdn-com.investing.com/news/LYNXNPEB7Q0U9_L.jpg,2024-04-02T05:10:40Z,"By Lisa Pauline Mattackal and Medha Singh
(Reuters) - Cryptocurrency ether is struggling to keep pace with soaring big brother bitcoin.
The no. 2 cryptocurrency, which commands less than a fifth of… [+3540 chars]",,Investing.com
61,Reuters,Cryptoverse: Ether fettered by fate of spot ETF proposals,"The no. 2 cryptocurrency, which commands less than a fifth of the $2.7 trillion crypto market, has not done poorly. But ether is up just around 53% in the first three months of this year, compared with bitcoin's 65%",https://economictimes.indiatimes.com/markets/cryptocurrency/cryptoverse-ether-fettered-by-fate-of-spot-etf-proposals/articleshow/108963107.cms,"https://img.etimg.com/thumb/msid-108963182,width-1200,height-630,imgsize-233070,overlay-etmarkets/photo.jpg",2024-04-02T05:17:45Z,"Cryptocurrency ether is struggling to keep pace with soaring big brother bitcoin.The no. 2 cryptocurrency, which commands less than a fifth of the $2.7 trillion crypto market, has not done poorly. Bu… [+3511 chars]",the-times-of-india,The Times of India
62,cryptonews.com,Ant Group’s ZAN Becomes Core Chain’s Validator to Fortify Blockchains’ Security in Asia-Pacific,"Ant Group’s Web3 security solutions provider ZAN has become a validator on Core Chain – EVM-compatible blockchain secured on Bitcoin. The strategic partnership with validators reinforces blockchains’ security and decentralization, Core Foundation told Crypton…",https://biztoc.com/x/737a6a4b084a0457,https://c.biztoc.com/p/737a6a4b084a0457/s.webp,2024-04-02T06:48:07Z,Ant Groups Web3 security solutions provider ZAN has become a validator on Core Chain EVM-compatible blockchain secured on Bitcoin.The strategic partnership with validators reinforces blockchains secu… [+297 chars],,Biztoc.com
63,"John Hyatt, Forbes Staff, 
 John Hyatt, Forbes Staff
 https://www.forbes.com/sites/johnhyatt/",The Richest Crypto And Bitcoin Billionaires In The World 2024,Meet the 17 investors and entrepreneurs who made ten-digit fortunes on the blockchain.,https://www.forbes.com/sites/johnhyatt/2024/04/02/the-richest-crypto-and-bitcoin-billionaires-in-the-world-2024/,"https://imageio.forbes.com/specials-images/imageserve/660b0af9f353936322abad16/0x0.jpg?format=jpg&crop=1920,1079,x0,y0,safe&height=900&width=1600&fit=bounds",2024-04-02T10:00:00Z,"Meet the 17 investors and entrepreneurs who made ten-digit fortunes on the blockchain.
The crypto winter is over. Bitcoin has more than doubled over the past 12 months, hitting an all-time high of $… [+12220 chars]",,Forbes
64,Chainwire,Avail Partners With dWallet Network To Introduce Native Bitcoin Rollups to Web3,"Dubai, United Arab Emirates, April 2nd, 2024, Chainwire Following the integration, users will be able to natively manage their BTC on any rollup in the Avail ecosystem without relinquishing control over their digital assets Avail, a modular blockchain solutio…",https://coinjournal.net/news/avail-partners-with-dwallet-network-to-introduce-native-bitcoin-rollups-to-web3/,https://coinjournal.net/wp-content/uploads/2024/04/Banner_-_Purple_1712003354JrlJM2Tvw8.jpeg,2024-04-02T13:13:27Z,"Dubai, United Arab Emirates, April 2nd, 2024, Chainwire
Following the integration, users will be able to natively manage their BTC on any rollup in the Avail ecosystem without relinquishing control … [+6122 chars]",,Coinjournal.net
65,coinjournal.net,Avail Partners With dWallet Network To Introduce Native Bitcoin Rollups to Web3,"Dubai, United Arab Emirates, April 2nd, 2024, Chainwire Following the integration, users will be able to natively manage their BTC on any rollup in the Avail ecosystem without relinquishing control over their digital assets Avail, a modular blockchain solutio…",https://biztoc.com/x/bceee0de79c291c9,https://c.biztoc.com/p/bceee0de79c291c9/s.webp,2024-04-02T13:16:11Z,"Dubai, United Arab Emirates, April 2nd, 2024, ChainwireFollowing the integration, users will be able to natively manage their BTC on any rollup in the Avail ecosystem without relinquishing control ov… [+298 chars]",,Biztoc.com
66,cryptopotato.com,Avail Partners With dWallet Network To Introduce Native Bitcoin Rollups to Web3,"[PRESS RELEASE – Dubai, United Arab Emirates, April 2nd, 2024] Following the integration, users will be able to natively manage their BTC on any rollup in the Avail ecosystem without relinquishing control over their digital assets Avail, a modular blockchain …",https://biztoc.com/x/e1f5635a3792b0c8,https://c.biztoc.com/p/e1f5635a3792b0c8/s.webp,2024-04-02T13:30:08Z,"[PRESS RELEASE Dubai, United Arab Emirates, April 2nd, 2024]Following the integration, users will be able to natively manage their BTC on any rollup in the Avail ecosystem without relinquishing contr… [+300 chars]",,Biztoc.com
67,Liam 'Akiba' Wright,Polygon spin-off Avail partners with dWallet to bring programmable Bitcoin to Web3 rollups,"Avail, a modular blockchain focused on unifying Web3 and optimizing data availability for scalable applications, has partnered with dWallet Network to introduce programmable native Bitcoin to rollups in the Avail ecosystem. Polygon co-founder Anurag Arjun spu…",https://cryptoslate.com/polygon-spin-off-avail-partners-with-dwallet-to-bring-programmable-bitcoin-to-web3-rollups/,https://cryptoslate.com/wp-content/uploads/2024/04/bitcoin-wallet.jpg,2024-04-02T13:30:13Z,"Avail, a modular blockchain focused on unifying Web3 and optimizing data availability for scalable applications, has partnered with dWallet Network to introduce programmable native Bitcoin to rollups… [+3929 chars]",,CryptoSlate
68,cryptoslate.com,Polygon spin-off Avail partners with dWallet to bring programmable Bitcoin to Web3 rollups,"Avail, a modular blockchain focused on unifying Web3 and optimizing data availability for scalable applications, has partnered with dWallet Network to introduce programmable native Bitcoin to rollups in the Avail ecosystem. Polygon co-founder Anurag Arjun spu…",https://biztoc.com/x/5961a8c1cf5cf36b,https://c.biztoc.com/p/5961a8c1cf5cf36b/s.webp,2024-04-02T13:44:06Z,"Avail, a modular blockchain focused on unifying Web3 and optimizing data availability for scalable applications, has partnered with dWallet Network to introduce programmable native Bitcoin to rollups… [+299 chars]",,Biztoc.com
69,Oluwapelumi Adejumo,CoinList’s spring 2024 batch shines a spotlight on next-gen crypto projects,"CoinList, a leading Web3 launchpad platform, has selected ten promising crypto projects for its 2024 spring batch Seed projects, according to an April 2 statement shared with CryptoSlate. The projects were selected from over 350 applicants vying for inclusion…",https://cryptoslate.com/coinlists-spring-2024-batch-shines-a-spotlight-on-next-gen-crypto-projects/,https://cryptoslate.com/wp-content/uploads/2024/04/seed-spring-.jpg,2024-04-02T15:00:06Z,"CoinList, a leading Web3 launchpad platform, has selected ten promising crypto projects for its 2024 spring batch Seed projects, according to an April 2 statement shared with CryptoSlate.
The projec… [+2621 chars]",,CryptoSlate
70,PR DESK,Avail Joins Forces With dWallet Network To Introduce Native Bitcoin Rollups to Web3,"With the integration, users can effortlessly manage their BTC on any rollup within the Avail ecosystem while maintaining full control over their digital assets. Avail has partnered with dWallet Network to introduce programmable native Bitcoin to rollups withi…",https://zycrypto.com/avail-joins-forces-with-dwallet-network-to-introduce-native-bitcoin-rollups-to-web3/,https://zycrypto.com/wp-content/uploads/2024/04/unnamed-98.jpg,2024-04-02T15:42:11Z,"With the integration, users can effortlessly manage their BTC on any rollup within the Avail ecosystem while maintaining full control over their digital assets.
Avail has partnered with dWallet Netw… [+5045 chars]",,ZyCrypto
71,AMBCrypto Team,"Bitcoin, Solana and other Altcoins face setbacks but Borroe Finance raises $3.5M in presale","As soon as investors thought that all pre-halving corrections and retraces were over, Bitcoin, Solana, […]",https://ambcrypto.com/bitcoin-solana-and-other-altcoins-face-setbacks-but-borroe-finance-raises-3-5m-in-presale/,https://ambcrypto.com/wp-content/uploads/2024/04/Borroe-Finance-raises-3.5M-1000x600.png,2024-04-02T17:15:48Z,"As soon as investors thought that all pre-halving corrections and retraces were over, Bitcoin, Solana, and other top altcoins entered another correction phase. Bitcoin lost 4% today, while Solana she… [+4404 chars]",,Ambcrypto.com
72,Reuters,Ether fettered by fate of spot ETF proposals,"The no. 2 cryptocurrency, which commands less than a fifth of the $2.7 trillion crypto market, has not done poorly. But ether is up just around 53% in the first three months of this year, compared with bitcoin's 65%.",https://economictimes.indiatimes.com/tech/technology/ether-fettered-by-fate-of-spot-etf-proposals/articleshow/108989713.cms,"https://img.etimg.com/thumb/msid-108989725,width-1200,height-630,imgsize-233070,overlay-ettech/photo.jpg",2024-04-03T02:50:32Z,"Cryptocurrency ether is struggling to keep pace with soaring big brother bitcoin.The no. 2 cryptocurrency, which commands less than a fifth of the $2.7 trillion crypto market, has not done poorly. Bu… [+3917 chars]",the-times-of-india,The Times of India
73,Aryze,Mercado Bitcoin Lists eUSD & eGBP Digital Cash stablecoins by ARYZE,Mercado Bitcoin Brazil announces listing of eUSD & eGBP Digital Cash full reserve stablecoins from leading  Danish fintech ARYZE ......,https://www.globenewswire.com/news-release/2024/04/03/2856646/0/en/Mercado-Bitcoin-Lists-eUSD-eGBP-Digital-Cash-stablecoins-by-ARYZE.html,https://ml-eu.globenewswire.com/Resource/Download/b099fe19-6a91-4757-8724-88340051617d,2024-04-03T07:30:00Z,"SÃO PAULO, Brazil and COPENHAGEN, Denmark, April 03, 2024 (GLOBE NEWSWIRE) -- Mercado Bitcoin (MB), the largest digital asset platform in Latin America, has expanded its listings of Digital Cash stab… [+2678 chars]",,GlobeNewswire
74,Marvie Basilan,Paradigm Reportedly In Talks To Raise Up To $850M For Crypto Venture Fund,"Paradigm, which invested $278 million into the collapsed FTX, is reportedly in talks to raise up to $850 million for a new crypto fund that could further propel the web3 ecosystem forward.",https://www.ibtimes.com/paradigm-reportedly-talks-raise-850m-crypto-venture-fund-3728785,https://d.ibtimes.com/en/full/4506204/1.jpg,2024-04-03T09:49:32Z,"KEY POINTS
<ul><li>It would be the largest crypto-focused fund yet since Andreessen Horowitz's $4.5 billion in 2022</li><li>Paradigm's largest funding drive was in November 2021 at $2.5 billion</li>… [+2735 chars]",,International Business Times
75,Marvie Basilan,FixedFloat Suffers Another Exploit By The Same Hackers; Tether Blacklists Hack-Linked Addresses,FixedFloat suffered another exploit by the same hackers that took $26 million in BTC and ETH from the exchange.,https://www.ibtimes.com/fixedfloat-suffers-another-exploit-same-hackers-tether-blacklists-hack-linked-addresses-3728791,https://d.ibtimes.com/en/full/4519999/crypto-hacking.jpg,2024-04-03T10:21:34Z,"KEY POINTS
<ul><li>Blockchain security firms first reported 'suspicious' activity on the exchange early Tuesday</li><li>FixedFloat said the hackers detected a 'vulnerability of a third party' whose … [+3979 chars]",,International Business Times
76,coinspeaker.com,Binance Inscription Marketplace Boosts Web3 Access with ARC-20 Token Support,"Coinspeaker Binance Inscription Marketplace Boosts Web3 Access with ARC-20 Token Support In the latest development on April 3, crypto exchange Binance announced that the Binance Inscription Marketplace will now start supporting the ARC-20 tokens. The ARC-20 i…",https://biztoc.com/x/acddd1659531d2a6,https://c.biztoc.com/p/acddd1659531d2a6/s.webp,2024-04-03T12:10:04Z,"CoinspeakerBinance Inscription Marketplace Boosts Web3 Access with ARC-20 Token SupportIn the latest development on April 3, crypto exchange Binance announced that the Binance Inscription Marketplace… [+316 chars]",,Biztoc.com
77,,FEDS Note: Tokenized Assets on Public Blockchains: How Transparent is the Blockchain?,"Cy Watsky, Matthew Liu, Nolan Ly, Kurtis Orr, Amber Seira, Zach Vida, Lawrence WuWith the proliferation of programmable blockchains with smart contract capabilities, new blockchain technology use cases have emerged that involve the tokenization of conventiona…",https://www.federalreserve.gov/econres/notes/feds-notes/tokenized-assets-on-public-blockchains-how-transparent-is-the-blockchain-20240403.html,https://www.federalreserve.gov/images/social-media/social-default-image-opengraph.jpg,2024-04-03T13:15:00Z,"April 03, 2024
Tokenized Assets on Public Blockchains: How Transparent is the Blockchain?
Cy Watsky, Matthew Liu, Nolan Ly, Kurtis Orr, Amber Seira, Zach Vida, Lawrence Wu1
Introduction
With the … [+24083 chars]",,Federalreserve.gov
78,"Zenger News, Contributor, 
 Zenger News, Contributor
 https://www.forbes.com/sites/zengernews/",‘The Halvening NYC’ – Bitcoin’s Return On NFT NYC’s Opening Night,"'The Halvening NYC' by Nolcha Shows debuts at NFT NYC 2024, celebrating Bitcoin's halving and Ordinals innovation in the areas of art, mining, and tech converge.",https://www.forbes.com/sites/zengernews/2024/04/03/the-halvening-nyc--bitcoins-return-on-nft-nycs-opening-night/,https://imageio.forbes.com/specials-images/imageserve/6606711f8fbf88a6fb06a64f/0x0.jpg?format=jpg&height=900&width=1600&fit=bounds,2024-04-03T14:00:00Z,"By: Christos Makridis
As the web3 community gears up for NFT NYC 2024, Nolcha Shows is organizing The Halvening NYC, a nod to Bitcoins quadrennial halving of mining rewards slated to occur around Ap… [+6599 chars]",,Forbes
79,PYMNTS,Messaging Platform Telegram Pivots to Crypto Payments for Ads,"Throughout nearly their entire history, cryptocurrencies have represented the archetypal innovation in search of a problem. And while they’ve succeeded as an unregulated store of value, as well as a tool for scammers, digital assets have yet to crack the nut …",https://www.pymnts.com/cryptocurrency/2024/messaging-platform-telegram-pivots-to-crypto-payments-for-ads/,https://www.pymnts.com/wp-content/uploads/2021/02/telegram.jpg,2024-04-03T16:22:57Z,"Throughout nearly their entire history, cryptocurrencies have represented the archetypal innovation in search of a problem. And while theyve succeeded as an unregulated store of value, as well as a t… [+4291 chars]",,pymnts.com
80,AMBCrypto Team,Crypto analysts predict BlockDAG presale conclusion in 3 months amid XRP bull run,"Amidst the unpredictable waves of the cryptocurrency market, BlockDAG emerges as an innovation and promise, […]",https://ambcrypto.com/?p=381490,https://ambcrypto.com/wp-content/uploads/2024/04/Screenshot-2024-04-03-172007-2-1000x600.png,2024-04-03T17:05:33Z,"Amidst the unpredictable waves of the cryptocurrency market, BlockDAG emerges as an innovation and promise, distinguishing itself from the turbulence surrounding other coins like XRP and Polkadot. Th… [+4476 chars]",,Ambcrypto.com
81,Jose Antonio Lanz,Bitcoin-Backed Core Network Defies Flat Market With 218% Price Spike,"The CORE token of the Bitcoin-backed Core Network is on a bullish run this week, outperforming BTC itself and other major cryptocurrencies.",https://decrypt.co/224662/bitcoin-backed-core-network-218-percent-price-spike,https://cdn.decrypt.co/resize/1024/height/512/wp-content/uploads/2024/04/Firefly-20240403130016-gID_7.png,2024-04-03T17:28:54Z,"CORE, a rising token in the crypto space, has been defying the flat crypto markets with a remarkable spike of over 218% in just one week.
CORE is the token of Core Network, a Bitcoin-secured, Ethere… [+3440 chars]",,Decrypt
82,Bradley Keoun,The Protocol: Using the Money Printer,"If you have the money printer – as is the case for many of the blockchain projects with the power to create their own digital tokens – why wouldn't you use it? PLUS: Vitalik Buterin riffs on meme coin and Ethereum's new ""blob market.""",https://www.coindesk.com/tech/2024/04/03/the-protocol-using-the-money-printer/,https://www.coindesk.com/resizer/zS6V6YAuCH9fDYRCxM9FNHqMFQY=/1200x628/center/middle/cloudfront-us-east-1.images.arcpublishing.com/coindesk/YQCWHERIPZAJDDRIXZCZC5A724.jpg,2024-04-03T19:29:43Z,"One thing blockchain teams succeeded in long ago: coopting the money printer, from the initial coin offerings, or ICOs, in the late 2010s, to the current-vintage ""token generation events,"" or TGEs. I… [+12742 chars]",,CoinDesk
83,Bradley Keoun,Protocol Village: Optimism-Based DEX Velodrome Deploys to Bitcoin L2 BOB,"The latest in blockchain tech upgrades, funding announcements and deals. For the period of April 4-10.",https://www.coindesk.com/tech/2024/04/03/protocol-village/,https://www.coindesk.com/resizer/anPbRzQBfc7-pEiwMErfKjteN6I=/1200x628/center/middle/cloudfront-us-east-1.images.arcpublishing.com/coindesk/UK44TNET4ZFIFAX2JQSWJQJSTU.jpeg,2024-04-03T21:26:53Z,"April 4: Velodrome, an AMM-based decentralized exchange on Optimism, officially announced their second major deployment onto the BOB (Build on Bitcoin) network, a Bitcoin layer-2 network with EVM com… [+2104 chars]",,CoinDesk
84,,HIVE Digital Technologies Announces its Attendance at Two Premier Industry Events: Paris Blockchain Week and AIM Summit London,"(marketscreener.com) HIVE Digital Technologies Ltd. , a global leader in digital technology and AI advancement, announced today its attendance at Paris Blockchain Week and AIM Summit London. Paris Blockchain Week: April 9-11, 2024Paris Blockchain Week is Euro…",https://www.marketscreener.com/quote/stock/HIVE-DIGITAL-TECHNOLOGIES-40680906/news/HIVE-Digital-Technologies-Announces-its-Attendance-at-Two-Premier-Industry-Events-Paris-Blockchain-46354710/,https://www.marketscreener.com/images/twitter_MS_fdnoir.png,2024-04-04T05:05:05Z,"Vancouver, British Columbia--(Newsfile Corp. - April 4, 2024) - HIVE Digital Technologies Ltd. (TSXV: HIVE) (NASDAQ: HIVE) (FSE: HBFA.F) (the ""Company"" or ""HIVE""), a global leader in digital technolo… [+4317 chars]",,Marketscreener.com
85,Investing.com,HIVE Digital Technologies Announces its Attendance at Two Premier Industry Events: Paris Blockchain Week and AIM Summit London,HIVE Digital Technologies Announces its Attendance at Two Premier Industry Events: Paris Blockchain Week and AIM Summit London,https://www.investing.com/news/press-releases/hive-digital-technologies-announces-its-attendance-at-two-premier-industry-events-paris-blockchain-week-and-aim-summit-london-93CH-3364981,https://i-invdn-com.investing.com/news/World_News_9_800x533_L_1420026261.jpg,2024-04-04T05:40:06Z,"Vancouver, British Columbia--(Newsfile Corp. - April 4, 2024) - HIVE Digital Technologies Ltd. (TSXV: HIVE) (NASDAQ: HIVE) (FSE: HBFA.F) (the ""Company"" or ""HIVE""), a global leader in digital technolo… [+4317 chars]",,Investing.com
86,,HIVE Digital Technologies Announces its Attendance at Two Premier Industry Events: Paris Blockchain Week and AIM Summit London,"(marketscreener.com) HIVE Digital Technologies Ltd. , a global leader in digital technology and AI advancement, announced today its attendance at Paris Blockchain Week and AIM Summit London. Paris Blockchain Week: April 9-11, 2024Paris Blockchain Week is Euro…",https://www.marketscreener.com/quote/stock/HIVE-DIGITAL-TECHNOLOGIES-40680906/news/HIVE-Digital-Technologies-Announces-its-Attendance-at-Two-Premier-Industry-Events-Paris-Blockchain-46361323/,https://www.marketscreener.com/images/twitter_MS_fdnoir.png,2024-04-04T10:05:06Z,"Vancouver, British Columbia--(Newsfile Corp. - April 4, 2024) - HIVE Digital Technologies Ltd. (TSXV: HIVE) (NASDAQ: HIVE) (FSE: HBFA.F) (the ""Company"" or ""HIVE""), a global leader in digital technolo… [+4317 chars]",,Marketscreener.com
87,Liam 'Akiba' Wright,Bringing Bitcoin to real world infrastructure through new Layer-2 DePIN partnership,"Bitcoin-focused blockchain Elastos is partnering with the decentralized physical infrastructure networks (DePIN) network IoTeX on digital identity validation. However, the collaboration also aims to bring Bitcoin’s robustness and trust to the forefront of DeP…",https://cryptoslate.com/bringing-bitcoin-to-real-world-infrastructure-through-new-layer-2-depin-partnership/,https://cryptoslate.com/wp-content/uploads/2024/04/bitcoin-depin.jpg,2024-04-04T10:54:43Z,"Bitcoin-focused blockchain Elastos is partnering with the decentralized physical infrastructure networks (DePIN) network IoTeX on digital identity validation. However, the collaboration also aims to … [+3029 chars]",,CryptoSlate
88,Kyt Dotson,LightLink closes $6.2M extended seed round for Ethereum L2 blockchain with no fees,"LightLink Network Ltd., an Ethereum Layer 2 blockchain that offers enterprises the ability to run decentralized apps with no fees, today announced the close of a $6.2 million extended seed round that will help the company grow its distributed ledger offering.…",https://siliconangle.com/2024/04/04/lightlink-closes-6-2m-extended-seed-round-ethereum-l2-blockchain-no-fees/,https://d15shllkswkct0.cloudfront.net/wp-content/blogs.dir/1/files/2024/01/network-3607640_1280.jpg,2024-04-04T13:00:15Z,"LightLink Network Ltd., an Ethereum Layer 2 blockchain that offers enterprises the ability to run decentralized apps with no fees, today announced the close of a $6.2 million extended seed round that… [+4094 chars]",,SiliconANGLE News
89,Chainwire,Zeus Network Secures $8 Million In Funding to Enhance the Solana Blockchain,Zeus Network Secures $8 Million In Funding to Enhance the Solana Blockchain,https://www.investing.com/news/cryptocurrency-news/zeus-network-secures-8-million-in-funding-to-enhance-the-solana-blockchain-3366081,https://i-invdn-com.investing.com/news/Cryptocurrencies_800x533_L_1556444946.jpg,2024-04-04T14:30:54Z,"New York, New York, April 4th, 2024, Chainwire
Zeus Network has secured over $8 million in investments from a number of leading venture capital firms and angel investors, demonstrating strong suppor… [+2667 chars]",,Investing.com
90,Jon Stokes,Proving you're human online doesn't require a credit card,"Elon Musk went viral last year with tweets suggesting that the future of social media is to pay for it, because otherwise, it’ll all just be bots. This problem of how to prove you're human and not a bot is only getting worse. 
 
 — (@)
 
 
 
 
 — (@)
 
 
 M…",https://www.theblaze.com/return/proving-you-re-human-online-doesn-t-require-a-credit-card,https://www.theblaze.com/media-library/proving-you-re-human-online-doesn-t-require-a-credit-card.jpg?id=51918654&width=1200&height=600&coordinates=0%2C0%2C0%2C33,2024-04-04T16:10:00Z,"Elon Musk went viral last year with tweets suggesting that the future of social media is to pay for it, because otherwise, itll all just be bots. This problem of how to prove you're human and not a b… [+8040 chars]",,TheBlaze
91,AMBCrypto Team,"Ethereum’s new ATH, BlockDAG’s 20,000x projections outshine WAX’s AWS alliance","Ethereum has continued to break new ground, reaching unprecedented heights and securing its spot as […]",https://ambcrypto.com/?p=381844,https://ambcrypto.com/wp-content/uploads/2024/04/BlockDAGs-20000x-projections-1000x600.png,2024-04-04T17:05:53Z,"Ethereum has continued to break new ground, reaching unprecedented heights and securing its spot as a cornerstone in cryptocurrency. Meanwhile, a new contender is making waves: BlockDAG, with its aud… [+3581 chars]",,Ambcrypto.com
92,Vikram Subburaj,Crypto Gems: Top crypto assets to watch & buy in April 2024,"Ethereum, Solana and other top altcoins have registered considerable gains but are still off their all-time highs of 2021 whereas Bitcoin has registered new highs this year.",https://economictimes.indiatimes.com/markets/cryptocurrency/crypto-gems-top-crypto-assets-to-watch-buy-in-april-2024/articleshow/109056416.cms,"https://img.etimg.com/thumb/msid-109056426,width-1200,height-630,imgsize-2885966,overlay-etmarkets/photo.jpg",2024-04-05T06:17:16Z,2024 continues to be a great year for crypto enthusiasts. Bitcoin has registered seven green months in a row and is aiming to do one better in April its halving month. The current pullback and consol… [+4635 chars],the-times-of-india,The Times of India
93,Zulu Network,Zulu Network Secures $3 Million in Pre-Seed Funding to Revolutionize Bitcoin Layer 2,"George Town, Cayman Islands, April 05, 2024 (GLOBE NEWSWIRE) -- In a landmark move for the Bitcoin Economy, Zulu Network, the first Two-Tiered Bitcoin Layer 2 offering EVM and UTXO support, has successfully closed $3 million in pre-seed funding, marking a sig…",https://www.globenewswire.com/news-release/2024/04/05/2858484/0/en/Zulu-Network-Secures-3-Million-in-Pre-Seed-Funding-to-Revolutionize-Bitcoin-Layer-2.html,https://ml.globenewswire.com/Resource/Download/eba95e2d-3bee-47d7-a5be-9b2543086206,2024-04-05T12:00:00Z,"George Town, Cayman Islands, April 05, 2024 (GLOBE NEWSWIRE) -- In a landmark move for the Bitcoin Economy, Zulu Network, the first Two-Tiered Bitcoin Layer 2 offering EVM and UTXO support, has succe… [+6065 chars]",,GlobeNewswire
94,Dean Takahashi,Ordz Games unveils blockchain-based gaming handheld BitBoy,"Ordz Games unveiled BitBoy, a handheld retro gaming device reminiscent of a Game Boy. But this one will let players earn Bitcoin while playing on a blockchain network.",https://venturebeat.com/games/ordz-games-unveils-blockchain-based-gaming-handheld-bitboy/,https://venturebeat.com/wp-content/uploads/2024/04/bitboy-4.jpg?w=1200&strip=all,2024-04-05T13:30:00Z,"Are you looking to showcase your brand in front of the gaming industrys top leaders? Learn more about GamesBeat Summit sponsorship opportunities here. 
Ordz Games unveiled BitBoy, a handheld retro g… [+1034 chars]",,VentureBeat
95,Daniel 🛡️,Chief Marketing Officer at Rover,Rover is looking to hire a Chief Marketing Officer to join their team. This is a full-time position that can be done remotely anywhere in Asia.,https://cryptocurrencyjobs.co/marketing/rover-chief-marketing-officer/,https://cryptocurrencyjobs.co/startups/assets/logos/placeholder.cc5728517d55a32c6989ad8e01d5eda488f5fa10ea9ce47110e0a49a07830ab7.jpg,2024-04-05T17:55:29Z,"Rover is building liquid staking for the Botanix Ecosystem, which is a fully decentralized EVM on Bitcoin. Rover is backed by leading Web3 VC’s. We are searching for our Chief Marketing Officer, who … [+2205 chars]",,Cryptocurrencyjobs.co
96,Mehron Rokhy,Top-100 Altcoin Surges Over 2x in a Week Amid a Slate of New Features and Partnerships,"A top-100 altcoin has more than doubled up during the last week as it announces a host of new partnerships and features. New data reveals that Core (CORE), a layer-1 blockchain that leverages the advantages of Bitcoin’s (BTC) proof-of-work network, has skyroc…",https://dailyhodl.com/2024/04/05/top-100-altcoin-surges-over-2x-in-a-week-amid-a-slate-of-new-features-and-partnerships/,https://dailyhodl.com/wp-content/uploads/2022/08/defi-downturn-surges.jpg,2024-04-05T18:41:01Z,"A top-100 altcoin has more than doubled up during the last week as it announces a host of new partnerships and features.
New data reveals that Core (CORE), a layer-1 blockchain that leverages the ad… [+1625 chars]",,The Daily Hodl
97,Harrison Jacobs,"At NFT.NYC, Web3 Types Focus on Merchandising and the Art World Heads Elsewhere","At this year’s post-crypto crash edition of NFT.NYC, he energy was more muted and the Web3’s various factions kept to themselves.",https://www.artnews.com/art-news/news/nft-nyc-2024-merchandising-ai-art-recap-1234701983/,https://www.artnews.com/wp-content/uploads/2024/04/NFTNYC.jpeg?w=1024,2024-04-05T20:28:04Z,"When NFT.NYC was established in 2018, it brought together a tight-knit community of Web3 nerds. But, by 2021, it had exploded into a monster convention, with 1,500 speakers and a stacked calendar of … [+6076 chars]",,ARTnews
98,Andrew Hayward,"This Little Device Can Hold Your Bitcoin, Play Games—And Farm Airdrops as You Sleep","The Game Boy-like BitBoy One is a Bitcoin-themed gaming handheld, BTC wallet, and DePIN airdrop farmer all in one portable device.",https://decrypt.co/225056/bitcoin-gaming-handheld-holds-btc-farms-airdrops,https://cdn.decrypt.co/resize/1024/height/512/wp-content/uploads/2024/04/bitboy_show_1-gID_7.jpg,2024-04-05T20:39:01Z,"Plans for a Game Boy cartridge that turns that classic gaming handheld into a functional Bitcoin cold wallet were sadly abandoned last year, but heres a new project that bundles Bitcoin gaming, play-… [+3158 chars]",,Decrypt
99,News Team,Cardano (ADA) and FLOKI (FLOKI) trade sideways; NuggetRush (NUGX) attract attention ahead of launch,"Cardano and FLOK trade sideways, although a price rally is on the horizon. NuggetRush is a new and emerging altcoin buzzing with potential. Some analysts are tipping it for a 100x upswing after its launch. The market hit a snag towards the end of the first qu…",https://coinjournal.net/news/cardano-ada-and-floki-floki-trade-sideways-nuggetrush-nugx-attract-attention-ahead-of-launch/,https://coinjournal.net/wp-content/uploads/2024/04/1712459527707-9887452f-12ad-4c66-b5e9-7f91c859e65d.jpg,2024-04-07T09:00:45Z,"<ul><li>Cardano and FLOK trade sideways, although a price rally is on the horizon.</li><li>NuggetRush is a new and emerging altcoin buzzing with potential.</li><li>Some analysts are tipping it for a … [+3702 chars]",,Coinjournal.net
